﻿Designator,Footprint,Quantity,Value,LCSC Part #
ENC1,Encoder_Plate_Placeholder_nodrill,1,Rotary_Encoder_Click,
"H1, H2, H3, H4",Spacer Plate hole,4,Spacer_PCB,
OLED1,OLED Placeholder,1,OLED_4pin,
ST1,Stabilizer_Cherry_MX_2.00u_PLate_1_2,1,Stabilizer_2u_MX,
"SW1, SW10, SW11, SW12, SW13, SW14, SW15, SW16, SW17, SW18, SW19, SW2, SW20, SW21, SW22, SW23, SW24, SW25, SW26, SW27, SW28, SW29, SW3, SW30, SW31, SW32, SW33, SW4, SW5, SW6, SW7, SW8, SW9","SW_MX_Plate_Placeholder_nodrill_NOBORDER_13,9",33,SW_Push,
